TITLE,CATEGORIES,INTERACTION RATIO,LIKES RATE,LIKES PERCENTAGE,DISLIKES PERCENTAGE,COMMENTS RATE,AVERAGE VIEWS PER DAY
7 Ways to Make a Conversation With Anyone | Malavika Varadan | TEDxBITSPilaniDubai,"'Life', 'Personal growth'",0.021295972416481027,0.019930911875805632,96.56734762734875,3.432652372651248,0.0006565820164064813,9448.408877284595
Actitud | Victor Küppers | TEDxAndorralaVella,'TEDx',0.01504234141356207,0.014303857637127534,96.44687645189124,3.5531235481087617,0.0002115266030249398,3341.7609649122805
"After watching this, your brain will not be the same | Lara Boyd | TEDxVancouver","'Brain', 'Cognitive science', 'Health', 'Memory'",0.011535128910364246,0.010645188269248413,94.9735691109299,5.026430889070101,0.0003265491245348361,16112.693614830072
A musical genius | Usman Riaz | TEDxGateway,"'Music','Live Music'",0.012022386674223973,0.010648178316351935,94.61827557575492,5.381724424245073,0.0007685583291632907,2731.1652115513766
A Theory You've Never Heard Of | Michael Robinson | TEDxUniversityofHartford,"'United States', 'Life', 'Exploration', 'History'",0.009235214679329268,0.006438139792773586,80.28944107206621,19.710558927933793,0.001216551568952351,3003.1734951947396
A well educated mind vs a well formed mind: Dr. Shashi Tharoor at TEDxGateway 2013,'TEDx',0.021757960176188636,0.0205002802145817,97.98649729879851,2.013502701201489,0.0008364242710235987,2716.4182638105976
Beatbox brilliance | Tom Thum | TEDxSydney,"'Music','Live Music'",0.014659645209534687,0.013856741612172459,98.19503861521736,1.8049613847826393,0.0005481974138157411,26593.6937477923
"Body language, the power is in the palm of your hands | Allan Pease | TEDxMacquarieUniversity",'TEDx',0.012128905319736195,0.011496358056017097,97.2830735773831,2.7169264226168903,0.00031147641534163547,2161.7474074074075
Cambia tus pensamientos y cambia tu actitud | César Lozano | TEDxUANL,"'Life', 'Education', 'Motivation'",0.02195817233595158,0.02084992729311946,96.44453897507574,3.555461024924255,0.0003396053183750594,10053.290566037736
Carrot clarinet | Linsey Pollak | TEDxSydney,'TEDx',0.003979460684614755,0.0037369290882937473,96.58735356181329,3.412646438186713,0.00011049756419732529,2837.152156549521
Coronavirus Is Our Future | Alanna Shaikh | TEDxSMU,"'Health', 'Disease', 'Epidemiology', 'Global issues', 'Population'",0.02632997768817344,0.02203880968575112,92.56751176810637,7.4324882318936325,0.002521614186990437,18072.180203045686
Faster than a calculator | Arthur Benjamin | TEDxOxford,'Math',0.01969179593735446,0.017856606010844628,97.49404708531348,2.505952914686513,0.0013762099660192422,7499.263427984947
Forget what you know | Jacob Barnett | TEDxTeen,"'Autism', 'TEDx', 'New York'",0.013557143017185703,0.011406369016097095,94.88367797563576,5.116322024364238,0.0015357192492052682,3014.3173106175846
Go with your gut feeling | Magnus Walker | TEDxUCLA,'TEDx',0.011026104724281732,0.00979324737816903,95.1920432166001,4.807956783399897,0.0007382203095250681,3573.9324433656957
Gratitude | Louie Schwartzberg | TEDxSF,"'TEDx', 'Happiness'",0.007639034785085587,0.007219195071696164,97.52161383285302,2.478386167146974,0.00023637317196924793,1632.1389972144848
Hackschooling makes me happy | Logan LaPlante | TEDxUniversityofNevada,'Education',0.009209680154447314,0.008415543655290826,97.42361959782247,2.5763804021775356,0.0005715863430786757,3500.2092710782667
Happiness is all in your mind: Gen Kelsang Nyema at TEDxGreenville 2014,"'United States', 'Buddhism', 'TEDx', 'Peace'",0.016167623151531873,0.014957511051943588,96.13555123983225,3.8644487601677504,0.0006088513350280742,2751.246987951807
How a 13 year old changed 'Impossible' to 'I'm Possible' | Sparsh Shah | TEDxGateway,"'India', 'Life', 'Culture', 'Disability', 'Disease', 'Entertainment'",0.02550097030195529,0.023963575753045474,97.38254308827051,2.6174569117294935,0.000893299365158991,6108.364855328158
How do you define yourself? | Lizzie Velasquez | TEDxAustinWomen,'TEDx',0.022378008074351922,0.021128807620574296,98.95067787007557,1.0493221299244329,0.001025140084587475,4446.177272727273
How not to take things personally? | Frederik Imbo | TEDxMechelen,"'Life', 'Communication', 'Speech', 'Violence'",0.03549340152270635,0.03281415624522074,98.33506169367595,1.6649383063240413,0.0021236596625341594,17007.059850374066
How School Makes Kids Less Intelligent | Eddy Zhong | TEDxYouth@BeaconStreet,"'United States', 'Education', 'Creativity', 'Curiosity', 'Leadership', 'Start-up'",0.050347481479207846,0.04593787580886743,98.74969418846887,1.2503058115311334,0.003827969508676949,2572.829636202307
How SHE became an IAS officer  | Surabhi Gautam | TEDxRGPV,'Education',0.02652119334845524,0.025232265588185938,97.53892803676828,2.4610719632317184,0.0006522750652090064,9760.87239165329
How to Achieve Your Most Ambitious Goals | Stephen Duneier | TEDxTucson,"'United States', 'Life', 'Adventure', 'Art', 'Exploration', 'Goal-setting', 'Happiness', 'Mindfulness', 'Motivation', 'Personal growth', 'Productivity'",0.03458497812655141,0.03339150182627098,98.60693947185045,1.3930605281495543,0.0007217409090497623,6576.44347826087
How to become a memory master | Idriz Zogaj | TEDxGoteborg,"'Mind', 'Brain', 'Memory'",0.012666790955900864,0.011696019923606662,96.03375013061196,3.9662498693880393,0.0004877185905091808,3052.6442214308836
How to Become a Millionaire in 3 Years | Daniel Ally | TEDxBergenCommunityCollege,"'United States', 'Business', 'Economics', 'Money'",0.01748230546132765,0.015486141472804058,93.68917337738317,6.310826622616835,0.0009530300770467421,4787.504901960784
How to find and do work you love | Scott Dinsmore | TEDxGoldenGatePark (2D),'United States',0.012148253100869899,0.011104579673973316,96.38285076037461,3.6171492396253973,0.0006269299750564361,1986.0036041939711
How to Get Your Brain to Focus | Chris Bailey | TEDxManchester,"'Business', 'Creativity', 'Goal-setting', 'Personal growth', 'Productivity', 'Work'",0.023200688509153286,0.02224683622609395,98.0757831607366,1.924216839263388,0.0005173761672741891,12041.397278911565
How to Have a Good Conversation | Celeste Headlee | TEDxCreativeCoast,"'United States', 'Humanities', 'Communication', 'Work'",0.026415530873002756,0.02551530385923407,98.21812410855983,1.7818758914401656,0.00043732767393516624,2656.4463955637707
How to know your life purpose in 5 minutes | Adam Leipzig | TEDxMalibu,"'Media', 'Entertainment', 'Life', 'Business'",0.012943638637963651,0.010724038053477285,88.10583882247703,11.894161177522973,0.0007718709131424061,5409.846050870147
How to learn any language in six months | Chris Lonsdale | TEDxLingnanUniversity,"'TEDx','Languages'",0.02203312220969454,0.020394849294102704,97.48634391777306,2.5136560822269485,0.0011123978554145452,9457.901371894697
How to motivate yourself to change your behavior | Tali Sharot | TEDxCambridge,"'Psychology', 'United States'",0.014642782856020328,0.013907999459243592,96.53351217671963,3.466487823280379,0.00023535154472313454,4921.9409766454355
How To Skip the Small Talk and Connect With Anyone | Kalina Silverman | TEDxWestminsterCollege,"'United States', 'Life', 'Adventure', 'Beauty', 'Big problems', 'Body language', 'Choice', 'Consciousness', 'Curiosity', 'Emotions', 'Empathy', 'Family', 'Fear', 'Feminism', 'Friendship', 'Future', 'Happiness', 'Identity', 'Innovation', 'Journalism'",0.015530063269079014,0.013643857142812882,91.53597522318877,8.464024776811232,0.0006246043939803752,3433.662765957447
How to sound smart in your TEDx Talk | Will Stephen | TEDxNewYork,"'TEDx', 'Performance'",0.029710240455233187,0.028533527460672097,98.23283860479526,1.7671613952047422,0.0006634085954041584,4736.018892794376
How to stop screwing yourself over | Mel Robbins | TEDxSF,'TEDx',0.01684504295122391,0.015800357696048237,96.3609137923863,3.6390862076137043,0.0004479820743513837,7353.49150181109
How to travel the world with almost no money | Tomislav Perko | TEDxTUHH,"'Life', 'Adventure', 'Comedy', 'Entertainment', 'Personal growth', 'Travel'",0.03257276562808566,0.030850220265527147,98.86454156966126,1.1354584303387452,0.0013682308416782642,3234.8582852065747
How to triple your memory by using this trick | Ricardo Lieuw On | TEDxHaarlem,"'Education', 'Brain', 'Cognitive science', 'Psychology'",0.019403065294389617,0.01815982312799812,95.90712813993248,4.092871860067511,0.0004682650556605598,7938.800658978583
How waking up every day at 4.30am can change your life | Filipe Castro Matos | TEDxAUBG,'TEDx',0.011164509154713712,0.008564936824643689,82.65766653527788,17.342333464722113,0.0008025703489669817,4617.413484205564
I grew up in a cult. It was heaven -- and hell. | Lilia Tarawa | TEDxChristchurch,"'Life', 'Community', 'Culture', 'Love', 'Religion', 'Society'",0.029741209329287303,0.027060466464365232,96.90752454133418,3.0924754586658194,0.0018171997207010579,9181.975806451614
Intermittent Fasting: Transformational Technique | Cynthia Thurlow | TEDxGreenville,"'Health', 'Food', 'Goal-setting', 'Heart health', 'Obesity'",0.016077676310970023,0.014484202932336382,95.62580655376892,4.374193446231068,0.0009309251834988684,11998.584172661871
It is okay not to have a plan | Mithila Palkar | TEDxNITSilchar,"'India', 'Life', 'Feminism', 'Theater'",0.02766532191517746,0.0265654545276177,97.94877430107232,2.051225698927685,0.0005435383939651219,5826.909551374819
I Was Almost A School Shooter | Aaron Stark | TEDxBoulder,"'Life', 'Bullying', 'Communication', 'Compassion', 'Emotions', 'Empathy', 'Faith', 'Family', 'Friendship', 'Health', 'Mental health'",0.055310490718137484,0.05153537741854869,98.13217775439155,1.8678222456084532,0.002794202383506687,12228.519646365423
Learning a language? Speak it like you’re playing a video game | Marianna Pascal | TEDxPenangRoad,"'Education', 'Business', 'Language', 'Presentation'",0.02652179992154889,0.02540531823819974,97.92946863767034,2.0705313623296586,0.0005793348069907937,6071.005598320504
Life is easy. Why do we make it so hard? | Jon Jandai | TEDxDoiSuthep,"'Psychology', 'Community', 'Consumerism', 'Culture', 'Sustainability', 'Farming', 'Health', 'Food'",0.02272328307026692,0.02147778879053345,98.24027449573369,1.7597255042663136,0.0008607741341114412,3135.7588351710488
Master Shi Heng Yi – 5 hindrances to self-mastery | Shi Heng YI | TEDxVitosha,"'Life', 'Mental health', 'Personal growth'",0.03408353190663007,0.03199066986744506,98.12980700694449,1.8701929930555083,0.0014831723999807467,21466.47268408551
Mathematics and sex | Clio Cresswell | TEDxSydney,"'TEDx', 'Sex'",0.006808015151850132,0.005742374330289698,89.36292218590515,10.637077814094845,0.0003821125629177629,4352.622293504411
MEETING THE ENEMY A feminist comes to terms with the Men's Rights movement | Cassie Jaye | TEDxMarin,"'Activism', 'Community', 'Compassion', 'Empathy', 'Feminism', 'Film', 'Gender', 'Men', 'Psychology', 'Society', 'Women'",0.05303988358256573,0.04702703061193502,96.71944808046194,3.280551919538057,0.004417779605284208,6772.725768321513
My philosophy for a happy life | Sam Berns | TEDxMidAtlantic,"'United States', 'TEDx'",0.02148327533204776,0.019993495632966738,97.9987267380675,2.0012732619325,0.00108148410632535,16930.11331338818
No fabriques fantasías cuando quieras realidades | Odin Dupeyron | TEDxYouth@BosquesDeLasLomas,"'Life', 'Business', 'Emotions', 'Empathy', 'Fear', 'Identity', 'Pain', 'Success', 'Work'",0.020028502823445864,0.01867087727344493,96.01106693886322,3.9889330611367786,0.0005819141449407619,3739.00732421875
"No Sex Marriage – Masturbation, Loneliness, Cheating and Shame | Maureen McGrath | TEDxStanleyPark","'Life', 'Aging', 'Choice', 'Family', 'Health', 'LGBT', 'Love', 'Personal growth', 'Relationships', 'Senses', 'Sex'",0.00838239581101241,0.00685466473175114,89.14692457648319,10.853075423516806,0.0006932189108376756,15853.06329113924
Overcoming hopelessness | Nick Vujicic | TEDxNoviSad,'TEDx',0.018580967533858964,0.018275185328160963,98.35432570913869,1.6456742908613027,0.0,2354.4903100775196
Own your face | Robert Hoge | TEDxSouthBank,"'Relationships', 'Personal growth', 'Beauty', 'Life', 'Family'",0.032031539914851664,0.029011648975088688,98.3520400622495,1.6479599377504976,0.0025337796683672226,3455.306158617634
Power Foods for the Brain | Neal Barnard | TEDxBismarck,"'United States', 'Health'",0.01912709844733896,0.017648194937550037,95.81720273613739,4.182797263862611,0.0007084904796759333,4489.129362214199
Programming your mind for success | Carrie Green | TEDxManchester,'TEDx',0.01514558626887781,0.014380410074297648,96.80366073554929,3.1963392644507196,0.00029035252561843003,3184.9162977867204
Quit social media | Dr. Cal Newport | TEDxTysons,"'United States', 'Technology', 'Goal-setting', 'Happiness', 'Internet', 'Success', 'Work'",0.02376594286261106,0.0215084324767371,97.33918610398474,2.660813896015252,0.001669566944940826,4624.904389657246
Reversing Type 2 diabetes starts with ignoring the guidelines | Sarah Hallberg | TEDxPurdueU,"'United States', 'Health', 'Public health'",0.018318162336440975,0.01520136411429699,93.29009728111748,6.709902718882514,0.002023438075955243,3292.5177664974617
Select the right relationship | Alexandra Redcay | TEDxUpperEastSide,'TEDx',0.014726717260625407,0.013658295961132091,95.5417926220846,4.458207377915407,0.00043109271110762894,2048.4026628283555
Sólo cambié mi actitud y todo cambió | Juan Bautista Segonds | TEDxSanIsidro,"'Happiness', 'Sports'",0.016123904137434978,0.015138626831649796,95.39835991985723,4.601640080142768,0.00025504974164920584,3354.1608391608393
Start with why -- how great leaders inspire action | Simon Sinek | TEDxPugetSound,'TEDx',0.010188137827838376,0.009799352091358059,97.9120767808757,2.087923219124313,0.00017981973926517976,1874.4028503562945
Stop searching for your passion | Terri Trespicio | TEDxKC,"'United States', 'Life', 'Business', 'Goal-setting', 'Happiness', 'Humor', 'Personal growth', 'Relationships'",0.029379783565499522,0.027888364499303663,97.67709161813377,2.322908381866229,0.0008281917466802741,3355.8082595870205
The art of being yourself | Caroline McHugh | TEDxMiltonKeynesWomen,"'Art','Self'",0.020654316782245812,0.01959948260733003,97.6757544768163,2.3242455231837074,0.0005884542636388618,3849.4242016806725
The art of seduction | Seema Anand | TEDxEaling,"'Seduction', 'Art'",0.015082489537017548,0.013681798561621963,94.05861456483126,5.941385435168739,0.0005364549978934517,3800.7895253682486
The first 20 hours -- how to learn anything | Josh Kaufman | TEDxCSU,"'Psychology', 'Entertainment', 'Music', 'Education'",0.023152175725595827,0.022164468072588057,97.94742915936709,2.052570840632908,0.0005232325641321717,8625.017639077341
The great porn experiment | Gary Wilson | TEDxGlasgow,"'Technology', 'Education', 'Entertainment', 'Internet'",0.011350843446432033,0.010874686895345157,95.80509982950606,4.194900170493932,0.0,4340.524615384616
The lady stripped bare | Tracey Spicer | TEDxSouthBankWomen,"'Journalism', 'TEDx', 'Entertainment', 'Culture', 'Activism'",0.002424886642292909,0.0015856510605544783,70.5494957810249,29.450504218975098,0.00017731415010089946,2461.3525616698294
The Magic of Not Giving a F*** | Sarah Knight | TEDxCoconutGrove,"'United States', 'Life', 'Choice', 'Comedy', 'Communication', 'Goal-setting', 'Happiness', 'Humor', 'Magic', 'Mindfulness', 'Motivation', 'Personal growth'",0.024659475069044576,0.02325717309994377,96.67504484975332,3.3249551502466734,0.0006024155289236442,6102.546639231824
The mathematics of weight loss | Ruben Meerman | TEDxQUT (edited version),"'TEDx','Mathematic','Cience'",0.01685113302815066,0.015345658602236877,95.52744303275958,4.472556967240429,0.0007869967809632038,3753.928388746803
"The most important lesson from 83,000 brain scans | Daniel Amen | TEDxOrangeCoast","'Innovation', 'TEDx'",0.022032024934217173,0.02050246998214081,97.29141070032391,2.708589299676086,0.0009587669409783621,5598.332723279648
The Most Unexpected Acoustic Guitar Performance | The Showhawk Duo  | TEDxKlagenfurt,"'Entertainment', 'Art', 'Creativity', 'Sound'",0.01621345340691822,0.015098828477340492,95.71533605455974,4.284663945440256,0.0004387310899701354,7584.608695652174
The person you really need to marry | Tracy McMillan | TEDxOlympicBlvdWomen,"'United States', 'Relationships', 'TEDx'",0.01986657844868861,0.018344617945645753,95.78262831285515,4.217371687144847,0.0007142349927054853,6099.898395721925
The power of seduction in our everyday lives | Chen Lizra | TEDxVancouver,"'Dance', 'Psychology', 'Culture'",0.009944030891403393,0.00766074206936166,83.3467833048194,16.653216695180607,0.0007526238981131195,3382.8343927735027
The psychology of self-motivation | Scott Geller | TEDxVirginiaTech,"'Science', 'United States', 'Psychology', 'Motivation', 'TEDx'",0.014079786870499524,0.013425870393360306,97.13778803813433,2.862211961865675,0.00025831670474942296,3786.055928411633
The Science of Flirting: Being a H.O.T. A.P.E. | Jean Smith | TEDxLSHTM,"'Body language', 'Communication', 'Men', 'Relationships', 'Women'",0.016347991182156102,0.014192190735925151,86.81305597605157,13.18694402394843,0.0,3636.3437815975735
The Secret of Becoming Mentally Strong | Amy Morin | TEDxOcala,"'United States', 'Brain', 'Cognitive science', 'Emotions', 'Mental health'",0.023247549856512763,0.02221986895865179,97.52550420822737,2.4744957917726316,0.000463900452137477,8509.956477214542
The secret to self control | Jonathan Bricker | TEDxRainier,"'United States', 'Health', 'Culture', 'Food', 'Life', 'Medicine', 'Psychology', 'Sociology'",0.016006951116247344,0.015050819362674061,96.08935260546393,3.9106473945360762,0.00034359304943669633,2830.6995652173914
The sex-starved marriage | Michele Weiner-Davis | TEDxCU,"'Relationships', 'Sex', 'TEDx'",0.009329029673907164,0.007906950906999147,94.75002627614477,5.249973723855236,0.0009839650678513424,2696.369728025227
The Skill of Humor | Andrew Tarvin | TEDxTAMU,"'United States', 'Life', 'Humor', 'Speech'",0.02081122467892308,0.019877192222208878,97.79251602827553,2.207483971724478,0.00048534185118027977,6860.139684813754
The skill of self confidence | Dr. Ivan Joseph | TEDxRyersonU,'Self',0.018419075505631575,0.017799183007554883,98.41899454182769,1.5810054581723167,0.00033396592854653456,6416.394487255483
The Super Mario Effect - Tricking Your Brain into Learning More | Mark Rober | TEDxPenn,"'Technology', 'Design', 'Education', 'Engineering', 'Life', 'Science'",0.04182731407121546,0.040146480090102285,99.03750030778322,0.9624996922167779,0.0012906688960673675,9596.586206896553
The surprising beauty of mathematics | Jonathan Matte | TEDxGreensFarmsAcademy,'Education',0.006350543989006215,0.005434960113635313,89.80703630161398,10.192963698386029,0.00029872406770051793,2318.192857142857
The surprising secret to speaking with confidence | Caroline Goyder | TEDxBrixton,"'Psychology', 'Humanities'",0.011509111131818479,0.010928669868170909,94.95668034655722,5.043319653442772,0.0,3684.792006875806
The virginity fraud | Nina Dølvik Brochmann & Ellen Støkken Dahl | TEDxOslo,"'Health', 'Sex', 'Women'",0.03572465081401017,0.034543516005475186,96.69378207589988,3.306217924100129,0.0,7329.836146272855
Top hacker shows us how it's done | Pablos Holman | TEDxMidwest,'Computers',0.0116656508007101,0.010756498860778398,96.28260110150659,3.7173988984934185,0.0004938515994834051,7660.999681933842
Waking up as a meme-hero | Andras Arato | TEDxKyiv,"'Life', 'Internet', 'Meme'",0.05949565615552112,0.05660527537641778,99.2536548153521,0.7463451846478997,0.0024647332321041525,10719.411314984709
Want to sound like a leader? Start by saying your name right | Laura Sicola | TEDxPenn,'TEDx',0.008879009655958482,0.008110576202090587,94.75671991009415,5.2432800899058565,0.000319641824541396,2536.5892
We should all be feminists | Chimamanda Ngozi Adichie | TEDxEuston,'Feminism',0.03516238155124989,0.028476121942525877,89.13521453565615,10.864785464343855,0.003215275022286785,2292.2867420349435
What does the Quran really say about a Muslim woman's hijab? | Samina Ali | TEDxUniversityofNevada,"'United States', 'Women', 'History', 'Islam', 'Religion'",0.04181015801306207,0.030404197241977116,83.70074314619372,16.299256853806284,0.005485274745451867,4933.551020408163
What if you could trade a paperclip for a house? | Kyle MacDonald | TEDxVienna,"'Entertainment', 'Business', 'Community', 'Internet', 'Investment'",0.02420238520007662,0.022797850530213336,98.08072733434761,1.9192726656523869,0.0009584195915247041,5937.265378749365
What makes you special? | Mariana Atencio | TEDxUniversityofNevada,"'United States', 'Life', 'Empathy', 'Immigration', 'Journalism', 'Family'",0.019170962142183563,0.018288054303170324,97.30230614748022,2.6976938525197793,0.000375873898898471,10340.451866404715
"Why I, as a black man, attend KKK rallies. | Daryl Davis | TEDxNaperville","'Activism', 'Big problems', 'Communication', 'Race'",0.04852756761465409,0.045023202129841185,98.40682410013228,1.5931758998677146,0.0027754538343856107,9048.062397372742
Why I read a book a day (and why you should too): the law of 33% | Tai Lopez | TEDxUBIWiltz,"'Library','Education','Self'",0.01880950953413703,0.01584351734503797,88.88997151155777,11.11002848844223,0.0009857696052993387,5312.862478031634
Why I stopped watching porn | Ran Gavrieli | TEDxJaffa,'TEDx',0.01362582034814047,0.012603391776753759,92.4963888759458,7.503611124054208,0.0,7522.321087435709
Why people believe they can’t draw - and how to prove they can | Graham Shaw | TEDxHull,"'Education', 'Communication', 'Business', 'Art', 'Self', 'Health'",0.022795366728790397,0.021387538563892843,96.94549092557565,3.0545090744243484,0.000733960509998951,15816.431818181818
Why we need to talk about suicide | Mark Henick | TEDxToronto,'TEDx',0.026533725658904272,0.023484513108193734,97.69383992972645,2.306160070273547,0.002494837306182429,2448.0112850382234
5 techniques to speak any language | Sid Efromovich | TEDxUpperEastSide,"'TEDx','Language','Education'",0.01861809282124838,0.017087214259205393,96.46779016036966,3.5322098396303345,0.0009052228251602355,4484.391867578265
